{
    "smule": "Please set",
    "welcome":"Welcome...!! semoga betah kk,salam persaudaraan ",
    "leave":"Selamat jalan teman moga kau tenang di alam sana...!",
    "info":"Selamat tahun baru",
    "setkick":"kick",
    "setbypass":"bypass",
    "setjs":"noox",
    "setkisah":"kis ah",
    "borong":"sikat",
    "setcancel":"clearall",
    "settag":"tag",
    "sambutan":"Selamat datang,semoga betah ya kk",
    "setbaper":"innalillah,,,semoga kau tenang di alam sana",
    "setcoment":"╔════ °⚔•°👅°•⚔°═════╗\n                   Like Terpaksa\n             ⚔• ☬hadikiller☬ •⚔\n╚════ °⚔•°👅°•⚔°═════╝\n ━━━━▣━━◤◢━━▣━━━━━",
    "sidertext":"Buronan Mertua",
    "restext":"sᴜᴇ ʟᴏᴇ ᴛᴀɢ ᴛᴀɢ ᴍᴜʟᴜ,ᴛᴀᴋ ɢᴜɴᴅᴜʟɪɴ ᴊᴇᴍʙᴜᴛ ᴍᴜ",
    "autoaddmessage":"Thanks for add me,,,!\n     OPEN ORDER BOT..   \nAdd Owner Kami 👇👇👇\nhttps://line.me/ti/p/~hadi_killer123",
    "tag": "Don't Tag Me Brother..!",
    "block": "Maaf Autoblock Aktif...!!!",
    "mita":"u88b5b663b09277eda3ff0185a8ea740c"
}